id,translation
0,"{'input': 'How many singers do we have?', 'output': 'SELECT count(*) FROM singer'}"
1,"{'input': 'What is the total number of singers?', 'output': 'SELECT count(*) FROM singer'}"
2,"{'input': 'Show name, country, age for all singers ordered by age from the oldest to the youngest.', 'output': 'SELECT name ,  country ,  age FROM singer ORDER BY age DESC'}"
3,"{'input': 'What are the names, countries, and ages for every singer in descending order of age?', 'output': 'SELECT name ,  country ,  age FROM singer ORDER BY age DESC'}"
4,"{'input': 'What are all distinct countries where singers above age 20 are from?', 'output': 'SELECT DISTINCT country FROM singer WHERE age  >  20'}"
5,"{'input': 'What are  the different countries with singers above age 20?', 'output': 'SELECT DISTINCT country FROM singer WHERE age  >  20'}"
6,"{'input': 'Show all countries and the number of singers in each country.', 'output': 'SELECT country ,  count(*) FROM singer GROUP BY country'}"
7,"{'input': 'How many singers are from each country?', 'output': 'SELECT country ,  count(*) FROM singer GROUP BY country'}"
8,"{'input': 'List all song names by singers above the average age.', 'output': 'SELECT song_name FROM singer WHERE age  >  (SELECT avg(age) FROM singer)'}"
9,"{'input': 'What are all the song names by singers who are older than average?', 'output': 'SELECT song_name FROM singer WHERE age  >  (SELECT avg(age) FROM singer)'}"
10,"{'input': 'Show location and name for all stadiums with a capacity between 5000 and 10000.', 'output': 'SELECT LOCATION ,  name FROM stadium WHERE capacity BETWEEN 5000 AND 10000'}"
11,"{'input': 'What are the locations and names of all stations with capacity between 5000 and 10000?', 'output': 'SELECT LOCATION ,  name FROM stadium WHERE capacity BETWEEN 5000 AND 10000'}"
12,"{'input': 'What is the maximum capacity and the average of all stadiums ?', 'output': 'select max(capacity), average from stadium'}"
13,"{'input': 'Show the stadium names without any concert.', 'output': 'SELECT name FROM stadium WHERE stadium_id NOT IN (SELECT stadium_id FROM concert)'}"
14,"{'input': 'What are the names of the stadiums without any concerts?', 'output': 'SELECT name FROM stadium WHERE stadium_id NOT IN (SELECT stadium_id FROM concert)'}"
15,"{'input': 'Find the number of pets whose weight is heavier than 10.', 'output': 'SELECT count(*) FROM pets WHERE weight  >  10'}"
16,"{'input': 'How many pets have a greater weight than 10?', 'output': 'SELECT count(*) FROM pets WHERE weight  >  10'}"
17,"{'input': 'Find the maximum weight for each type of pet. List the maximum weight and pet type.', 'output': 'SELECT max(weight) ,  petType FROM pets GROUP BY petType'}"
18,"{'input': 'List the maximum weight and type for each type of pet.', 'output': 'SELECT max(weight) ,  petType FROM pets GROUP BY petType'}"
19,"{'input': 'Find the number of distinct type of pets.', 'output': 'SELECT count(DISTINCT pettype) FROM pets'}"
20,"{'input': 'How many different types of pet are there?', 'output': 'SELECT count(DISTINCT pettype) FROM pets'}"
21,"{'input': 'Find the id and weight of all pets whose age is older than 1.', 'output': 'SELECT petid ,  weight FROM pets WHERE pet_age  >  1'}"
22,"{'input': 'What is the id and weight of every pet who is older than 1?', 'output': 'SELECT petid ,  weight FROM pets WHERE pet_age  >  1'}"
23,"{'input': 'Find the average weight for each pet type.', 'output': 'SELECT avg(weight) ,  pettype FROM pets GROUP BY pettype'}"
24,"{'input': 'What is the average weight for each type of pet?', 'output': 'SELECT avg(weight) ,  pettype FROM pets GROUP BY pettype'}"
25,"{'input': 'Find the average age of students who do not have any pet .', 'output': 'select avg(age) from student where stuid not in (select stuid from has_pet)'}"
26,"{'input': 'What is the average age for all students who do not own any pets ?', 'output': 'select avg(age) from student where stuid not in (select stuid from has_pet)'}"
27,"{'input': 'How many continents are there?', 'output': 'SELECT count(*) FROM CONTINENTS;'}"
28,"{'input': 'What is the number of continents?', 'output': 'SELECT count(*) FROM CONTINENTS;'}"
29,"{'input': 'How many countries are listed?', 'output': 'SELECT count(*) FROM COUNTRIES;'}"
30,"{'input': 'How many countries exist?', 'output': 'SELECT count(*) FROM COUNTRIES;'}"
31,"{'input': 'What is the average miles per gallon(mpg) of the cars with 4 cylinders?', 'output': 'SELECT avg(mpg) FROM CARS_DATA WHERE Cylinders  =  4;'}"
32,"{'input': 'What is the average miles per gallon of all the cards with 4 cylinders?', 'output': 'SELECT avg(mpg) FROM CARS_DATA WHERE Cylinders  =  4;'}"
33,"{'input': 'What is the smallest weight of the car produced with 8 cylinders on 1974 ?', 'output': 'select min(weight) from cars_data where cylinders  =  8 and year  =  1974'}"
34,"{'input': 'What is the minimum weight of the car with 8 cylinders produced in 1974 ?', 'output': 'select min(weight) from cars_data where cylinders  =  8 and year  =  1974'}"
35,"{'input': 'What are all the makers and models?', 'output': 'SELECT Maker ,  Model FROM MODEL_LIST;'}"
36,"{'input': 'What are the makers and models?', 'output': 'SELECT Maker ,  Model FROM MODEL_LIST;'}"
37,"{'input': 'What is the number of the cars with horsepower more than 150?', 'output': 'SELECT count(*) FROM CARS_DATA WHERE horsepower  >  150;'}"
38,"{'input': 'What is the number of cars with a horsepower greater than 150?', 'output': 'SELECT count(*) FROM CARS_DATA WHERE horsepower  >  150;'}"
39,"{'input': 'What is the average weight of cars each year?', 'output': 'SELECT avg(Weight) ,  YEAR FROM CARS_DATA GROUP BY YEAR;'}"
40,"{'input': 'What is the average weight and year for each year?', 'output': 'SELECT avg(Weight) ,  YEAR FROM CARS_DATA GROUP BY YEAR;'}"
41,"{'input': 'What is the average horsepower of the cars before 1980?', 'output': 'SELECT avg(horsepower) FROM CARS_DATA WHERE YEAR  <  1980;'}"
42,"{'input': 'What is the average horsepower for all cars produced before 1980 ?', 'output': 'select avg(horsepower) from cars_data where year  <  1980;'}"
43,"{'input': 'What is the maximum accelerate for different number of cylinders?', 'output': 'SELECT max(Accelerate) ,  Cylinders FROM CARS_DATA GROUP BY Cylinders;'}"
44,"{'input': 'What is the maximum accelerate for all the different cylinders?', 'output': 'SELECT max(Accelerate) ,  Cylinders FROM CARS_DATA GROUP BY Cylinders;'}"
45,"{'input': 'How many cars have more than 4 cylinders?', 'output': 'SELECT count(*) FROM CARS_DATA WHERE Cylinders  >  4;'}"
46,"{'input': 'What is the number of cars with more than 4 cylinders?', 'output': 'SELECT count(*) FROM CARS_DATA WHERE Cylinders  >  4;'}"
47,"{'input': 'how many cars were produced in 1980?', 'output': 'SELECT count(*) FROM CARS_DATA WHERE YEAR  =  1980;'}"
48,"{'input': 'In 1980, how many cars were made?', 'output': 'SELECT count(*) FROM CARS_DATA WHERE YEAR  =  1980;'}"
49,"{'input': 'In which years cars were produced weighing no less than 3000 and no more than 4000 ?', 'output': 'select distinct year from cars_data where weight between 3000 and 4000;'}"
50,"{'input': 'What are the different years in which there were cars produced that weighed less than 4000 and also cars that weighted more than 3000 ?', 'output': 'select distinct year from cars_data where weight between 3000 and 4000;'}"
51,"{'input': 'How many cars has over 6 cylinders?', 'output': 'SELECT COUNT(*) FROM CARS_DATA WHERE Cylinders  >  6;'}"
52,"{'input': 'What is the number of carsw ith over 6 cylinders?', 'output': 'SELECT COUNT(*) FROM CARS_DATA WHERE Cylinders  >  6;'}"
53,"{'input': 'Which country does Airline ""JetBlue Airways"" belong to?', 'output': 'SELECT Country FROM AIRLINES WHERE Airline  =  ""JetBlue Airways""'}"
54,"{'input': 'What country is Jetblue Airways affiliated with?', 'output': 'SELECT Country FROM AIRLINES WHERE Airline  =  ""JetBlue Airways""'}"
55,"{'input': 'What is the abbreviation of Airline ""JetBlue Airways""?', 'output': 'SELECT Abbreviation FROM AIRLINES WHERE Airline  =  ""JetBlue Airways""'}"
56,"{'input': 'Which abbreviation corresponds to Jetblue Airways?', 'output': 'SELECT Abbreviation FROM AIRLINES WHERE Airline  =  ""JetBlue Airways""'}"
57,"{'input': 'List all airline names and their abbreviations in ""USA"".', 'output': 'SELECT Airline ,  Abbreviation FROM AIRLINES WHERE Country  =  ""USA""'}"
58,"{'input': 'What are the airline names and abbreviations for airlines in the USA?', 'output': 'SELECT Airline ,  Abbreviation FROM AIRLINES WHERE Country  =  ""USA""'}"
59,"{'input': 'List the airport code and name in the city of Anthony.', 'output': 'SELECT AirportCode ,  AirportName FROM AIRPORTS WHERE city  =  ""Anthony""'}"
60,"{'input': 'Give the airport code and airport name corresonding to the city Anthony.', 'output': 'SELECT AirportCode ,  AirportName FROM AIRPORTS WHERE city  =  ""Anthony""'}"
61,"{'input': 'How many airlines do we have?', 'output': 'SELECT count(*) FROM AIRLINES'}"
62,"{'input': 'What is the total number of airlines?', 'output': 'SELECT count(*) FROM AIRLINES'}"
63,"{'input': 'How many airports do we have?', 'output': 'SELECT count(*) FROM AIRPORTS'}"
64,"{'input': 'Return the number of  airports.', 'output': 'SELECT count(*) FROM AIRPORTS'}"
65,"{'input': 'How many flights do we have?', 'output': 'SELECT count(*) FROM FLIGHTS'}"
66,"{'input': 'Return the number of flights.', 'output': 'SELECT count(*) FROM FLIGHTS'}"
67,"{'input': ""Which airline has abbreviation 'UAL'?"", 'output': 'SELECT Airline FROM AIRLINES WHERE Abbreviation  =  ""UAL""'}"
68,"{'input': ""Give the airline with abbreviation 'UAL'."", 'output': 'SELECT Airline FROM AIRLINES WHERE Abbreviation  =  ""UAL""'}"
69,"{'input': 'How many airlines are from USA?', 'output': 'SELECT count(*) FROM AIRLINES WHERE Country  =  ""USA""'}"
70,"{'input': 'Return the number of airlines in the USA.', 'output': 'SELECT count(*) FROM AIRLINES WHERE Country  =  ""USA""'}"
71,"{'input': 'Which city and country is the Alton airport at?', 'output': 'SELECT City ,  Country FROM AIRPORTS WHERE AirportName  =  ""Alton""'}"
72,"{'input': 'Give the city and country for the Alton airport.', 'output': 'SELECT City ,  Country FROM AIRPORTS WHERE AirportName  =  ""Alton""'}"
73,"{'input': ""What is the airport name for airport 'AKO'?"", 'output': 'SELECT AirportName FROM AIRPORTS WHERE AirportCode  =  ""AKO""'}"
74,"{'input': ""Return the name of the airport with code 'AKO'."", 'output': 'SELECT AirportName FROM AIRPORTS WHERE AirportCode  =  ""AKO""'}"
75,"{'input': ""What are airport names at City 'Aberdeen'?"", 'output': 'SELECT AirportName FROM AIRPORTS WHERE City = ""Aberdeen""'}"
76,"{'input': 'What are the names of airports in Aberdeen?', 'output': 'SELECT AirportName FROM AIRPORTS WHERE City = ""Aberdeen""'}"
77,"{'input': ""How many flights depart from 'APG'?"", 'output': 'SELECT count(*) FROM FLIGHTS WHERE SourceAirport  =  ""APG""'}"
78,"{'input': ""Count the number of flights departing from 'APG'."", 'output': 'SELECT count(*) FROM FLIGHTS WHERE SourceAirport  =  ""APG""'}"
79,"{'input': 'How many flights have destination ATO?', 'output': 'SELECT count(*) FROM FLIGHTS WHERE DestAirport  =  ""ATO""'}"
80,"{'input': 'Count the number of flights into ATO.', 'output': 'SELECT count(*) FROM FLIGHTS WHERE DestAirport  =  ""ATO""'}"
81,"{'input': 'What are flight numbers of flights departing from Airport ""APG""?', 'output': 'SELECT FlightNo FROM FLIGHTS WHERE SourceAirport  =  ""APG""'}"
82,"{'input': 'Give the flight numbers of flights leaving from APG.', 'output': 'SELECT FlightNo FROM FLIGHTS WHERE SourceAirport  =  ""APG""'}"
83,"{'input': 'What are flight numbers of flights arriving at Airport ""APG""?', 'output': 'SELECT FlightNo FROM FLIGHTS WHERE DestAirport  =  ""APG""'}"
84,"{'input': 'Give the flight numbers of flights landing at APG.', 'output': 'SELECT FlightNo FROM FLIGHTS WHERE DestAirport  =  ""APG""'}"
85,"{'input': 'How many employees are there?', 'output': 'SELECT count(*) FROM employee'}"
86,"{'input': 'Count the number of employees', 'output': 'SELECT count(*) FROM employee'}"
87,"{'input': 'Sort employee names by their age in ascending order.', 'output': 'SELECT name FROM employee ORDER BY age'}"
88,"{'input': 'List the names of employees and sort in ascending order of age.', 'output': 'SELECT name FROM employee ORDER BY age'}"
89,"{'input': 'What is the number of employees from each city?', 'output': 'SELECT count(*) ,  city FROM employee GROUP BY city'}"
90,"{'input': 'Count the number of employees for each city.', 'output': 'SELECT count(*) ,  city FROM employee GROUP BY city'}"
91,"{'input': 'Find the number of shops in each location.', 'output': 'SELECT count(*) ,  LOCATION FROM shop GROUP BY LOCATION'}"
92,"{'input': 'How many shops are there in each location?', 'output': 'SELECT count(*) ,  LOCATION FROM shop GROUP BY LOCATION'}"
93,"{'input': 'Return the name, location and district of all shops in descending order of number of products.', 'output': 'SELECT name ,  LOCATION ,  district FROM shop ORDER BY number_products DESC'}"
94,"{'input': 'Sort all the shops by number products in descending order, and return the name, location and district of each shop.', 'output': 'SELECT name ,  LOCATION ,  district FROM shop ORDER BY number_products DESC'}"
95,"{'input': 'Find the names of stores whose number products is more than the average number of products.', 'output': 'SELECT name FROM shop WHERE number_products  >  (SELECT avg(number_products) FROM shop)'}"
96,"{'input': ""Which shops' number products is above the average? Give me the shop names."", 'output': 'SELECT name FROM shop WHERE number_products  >  (SELECT avg(number_products) FROM shop)'}"
97,"{'input': 'Find the names of employees who never won any award in the evaluation.', 'output': 'SELECT name FROM employee WHERE Employee_ID NOT IN (SELECT Employee_ID FROM evaluation)'}"
98,"{'input': 'What are the names of the employees who never received any evaluation?', 'output': 'SELECT name FROM employee WHERE Employee_ID NOT IN (SELECT Employee_ID FROM evaluation)'}"
99,"{'input': 'Find the name of the shops that do not hire any employee.', 'output': 'SELECT name FROM shop WHERE shop_id NOT IN (SELECT shop_id FROM hiring)'}"
100,"{'input': 'Which shops run with no employees? Find the shop names', 'output': 'SELECT name FROM shop WHERE shop_id NOT IN (SELECT shop_id FROM hiring)'}"
101,"{'input': 'What is total bonus given in all evaluations?', 'output': 'SELECT sum(bonus) FROM evaluation'}"
102,"{'input': 'Find the total amount of bonus given in all the evaluations.', 'output': 'SELECT sum(bonus) FROM evaluation'}"
103,"{'input': 'Give me all the information about hiring.', 'output': 'SELECT * FROM hiring'}"
104,"{'input': 'What is all the information about hiring?', 'output': 'SELECT * FROM hiring'}"
105,"{'input': 'How many different store locations are there?', 'output': 'SELECT count(DISTINCT LOCATION) FROM shop'}"
106,"{'input': 'Count the number of distinct store locations.', 'output': 'SELECT count(DISTINCT LOCATION) FROM shop'}"
107,"{'input': 'How many documents do we have?', 'output': 'SELECT count(*) FROM Documents'}"
108,"{'input': 'Count the number of documents.', 'output': 'SELECT count(*) FROM Documents'}"
109,"{'input': 'List document IDs, document names, and document descriptions for all documents.', 'output': 'SELECT document_id ,  document_name ,  document_description FROM Documents'}"
110,"{'input': 'What are the ids, names, and descriptions for all documents?', 'output': 'SELECT document_id ,  document_name ,  document_description FROM Documents'}"
111,"{'input': 'What is the document id, template id and description for document named ""Robbin CV""?', 'output': 'SELECT document_id ,  template_id ,  Document_Description FROM Documents WHERE document_name  =  ""Robbin CV""'}"
112,"{'input': 'Return the document id, template id, and description for the document with the name Robbin CV.', 'output': 'SELECT document_id ,  template_id ,  Document_Description FROM Documents WHERE document_name  =  ""Robbin CV""'}"
113,"{'input': 'How many different templates do all document use?', 'output': 'SELECT count(DISTINCT template_id) FROM Documents'}"
114,"{'input': 'Count the number of different templates used for documents.', 'output': 'SELECT count(DISTINCT template_id) FROM Documents'}"
115,"{'input': 'Show all template ids and number of documents using each template.', 'output': 'SELECT template_id ,  count(*) FROM Documents GROUP BY template_id'}"
116,"{'input': 'What are all different template ids used for documents, and how many times were each of them used?', 'output': 'SELECT template_id ,  count(*) FROM Documents GROUP BY template_id'}"
117,"{'input': 'How many templates do we have?', 'output': 'SELECT count(*) FROM Templates'}"
118,"{'input': 'Count the number of templates.', 'output': 'SELECT count(*) FROM Templates'}"
119,"{'input': 'Show template ids, version numbers, and template type codes for all templates.', 'output': 'SELECT template_id ,  version_number ,  template_type_code FROM Templates'}"
120,"{'input': 'What are the ids, version numbers, and type codes for each template?', 'output': 'SELECT template_id ,  version_number ,  template_type_code FROM Templates'}"
121,"{'input': 'Show all distinct template type codes for all templates.', 'output': 'SELECT DISTINCT template_type_code FROM Templates'}"
122,"{'input': 'What are the different template type codes?', 'output': 'SELECT DISTINCT template_type_code FROM Templates'}"
123,"{'input': 'How many templates have template type code CV?', 'output': 'SELECT count(*) FROM Templates WHERE template_type_code  =  ""CV""'}"
124,"{'input': 'Count the number of templates of the type CV.', 'output': 'SELECT count(*) FROM Templates WHERE template_type_code  =  ""CV""'}"
125,"{'input': 'What is the version number and template type code for the template with version number later than 5?', 'output': 'SELECT version_number ,  template_type_code FROM Templates WHERE version_number  >  5'}"
126,"{'input': 'Return the version numbers and template type codes of templates with a version number greater than 5.', 'output': 'SELECT version_number ,  template_type_code FROM Templates WHERE version_number  >  5'}"
127,"{'input': 'Show all template type codes and number of templates for each.', 'output': 'SELECT template_type_code ,  count(*) FROM Templates GROUP BY template_type_code'}"
128,"{'input': 'What are the different template type codes, and how many templates correspond to each?', 'output': 'SELECT template_type_code ,  count(*) FROM Templates GROUP BY template_type_code'}"
129,"{'input': 'What the smallest version number and its template type code?', 'output': 'SELECT min(Version_Number) ,  template_type_code FROM Templates'}"
130,"{'input': 'Return the lowest version number, along with its corresponding template type code.', 'output': 'SELECT min(Version_Number) ,  template_type_code FROM Templates'}"
131,"{'input': 'Show all template type codes and descriptions.', 'output': 'SELECT template_type_code ,  template_type_description FROM Ref_template_types'}"
132,"{'input': 'What are the type codes and descriptions for all template types?', 'output': 'SELECT template_type_code ,  template_type_description FROM Ref_template_types'}"
133,"{'input': 'What is the template type descriptions for template type code ""AD"".', 'output': 'SELECT template_type_description FROM Ref_template_types WHERE template_type_code  =  ""AD""'}"
134,"{'input': 'Return the template type description of the template type with the code AD.', 'output': 'SELECT template_type_description FROM Ref_template_types WHERE template_type_code  =  ""AD""'}"
135,"{'input': 'What is the template type code for template type description ""Book"".', 'output': 'SELECT template_type_code FROM Ref_template_types WHERE template_type_description  =  ""Book""'}"
136,"{'input': 'Return the type code of the template type with the description ""Book"".', 'output': 'SELECT template_type_code FROM Ref_template_types WHERE template_type_description  =  ""Book""'}"
137,"{'input': 'How many paragraphs in total?', 'output': 'SELECT count(*) FROM Paragraphs'}"
138,"{'input': 'Count the number of paragraphs.', 'output': 'SELECT count(*) FROM Paragraphs'}"
139,"{'input': 'How many teachers are there?', 'output': 'SELECT count(*) FROM teacher'}"
140,"{'input': 'What is the total count of teachers?', 'output': 'SELECT count(*) FROM teacher'}"
141,"{'input': 'List the names of teachers in ascending order of age.', 'output': 'SELECT Name FROM teacher ORDER BY Age ASC'}"
142,"{'input': 'What are the names of the teachers ordered by ascending age?', 'output': 'SELECT Name FROM teacher ORDER BY Age ASC'}"
143,"{'input': 'What are the age and hometown of teachers?', 'output': 'SELECT Age ,  Hometown FROM teacher'}"
144,"{'input': 'What is the age and hometown of every teacher?', 'output': 'SELECT Age ,  Hometown FROM teacher'}"
145,"{'input': ""List the name of teachers whose hometown is not `` Little Lever Urban District '' ."", 'output': 'select name from teacher where hometown != ""little lever urban district""'}"
146,"{'input': ""What are the names of the teachers whose hometown is not `` Little Lever Urban District '' ?"", 'output': 'select name from teacher where hometown != ""little lever urban district""'}"
147,"{'input': 'Show different hometown of teachers and the number of teachers from each hometown.', 'output': 'SELECT Hometown ,  COUNT(*) FROM teacher GROUP BY Hometown'}"
148,"{'input': 'For each hometown, how many teachers are there?', 'output': 'SELECT Hometown ,  COUNT(*) FROM teacher GROUP BY Hometown'}"
149,"{'input': 'List the names of teachers who have not been arranged to teach courses.', 'output': 'SELECT Name FROM teacher WHERE Teacher_id NOT IN (SELECT Teacher_id FROM course_arrange)'}"
150,"{'input': 'What are the names of the teachers whose courses have not been arranged?', 'output': 'SELECT Name FROM teacher WHERE Teacher_id NOT IN (SELECT Teacher_id FROM course_arrange)'}"
151,"{'input': 'How many visitors below age 30 are there?', 'output': 'SELECT count(*) FROM visitor WHERE age  <  30'}"
152,"{'input': 'What is the average age of the visitors whose membership level is not higher than 4?', 'output': 'SELECT avg(age) FROM visitor WHERE Level_of_membership  <=  4'}"
153,"{'input': 'Find the average number of staff working for the museums that were open before 2009.', 'output': 'SELECT avg(num_of_staff) FROM museum WHERE open_year  <  2009'}"
154,"{'input': 'What are the opening year and staff number of the museum named Plaza Museum?', 'output': ""SELECT Num_of_Staff ,  Open_Year FROM museum WHERE name  =  'Plaza Museum'""}"
155,"{'input': 'What is the name of the museum that had no visitor yet?', 'output': 'SELECT name FROM museum WHERE Museum_ID NOT IN (SELECT museum_id FROM visit)'}"
156,"{'input': 'Find the total number of players.', 'output': 'SELECT count(*) FROM players'}"
157,"{'input': 'How many players are there?', 'output': 'SELECT count(*) FROM players'}"
158,"{'input': 'Find the total number of matches.', 'output': 'SELECT count(*) FROM matches'}"
159,"{'input': 'Count the number of matches.', 'output': 'SELECT count(*) FROM matches'}"
160,"{'input': 'List the first name and birth date of all players from the country with code USA.', 'output': ""SELECT first_name ,  birth_date FROM players WHERE country_code  =  'USA'""}"
161,"{'input': 'What are the first names and birth dates of players from the USA?', 'output': ""SELECT first_name ,  birth_date FROM players WHERE country_code  =  'USA'""}"
162,"{'input': 'Find the average age of losers and winners of all matches.', 'output': 'SELECT avg(loser_age) ,  avg(winner_age) FROM matches'}"
163,"{'input': 'What are the average ages of losers and winners across matches?', 'output': 'SELECT avg(loser_age) ,  avg(winner_age) FROM matches'}"
164,"{'input': 'Find the average rank of winners in all matches.', 'output': 'SELECT avg(winner_rank) FROM matches'}"
165,"{'input': 'What is the average rank for winners in all matches?', 'output': 'SELECT avg(winner_rank) FROM matches'}"
166,"{'input': 'Find the highest rank of losers in all matches.', 'output': 'SELECT min(loser_rank) FROM matches'}"
167,"{'input': 'What is the best rank of losers across all matches?', 'output': 'SELECT min(loser_rank) FROM matches'}"
168,"{'input': 'find the number of distinct country codes of all players.', 'output': 'SELECT count(DISTINCT country_code) FROM players'}"
169,"{'input': 'How many distinct countries do players come from?', 'output': 'SELECT count(DISTINCT country_code) FROM players'}"
170,"{'input': 'Find the number of distinct name of losers.', 'output': 'SELECT count(DISTINCT loser_name) FROM matches'}"
171,"{'input': 'How many different loser names are there?', 'output': 'SELECT count(DISTINCT loser_name) FROM matches'}"
172,"{'input': 'List the first and last name of all players in the order of birth date.', 'output': 'SELECT first_name ,  last_name FROM players ORDER BY birth_date'}"
173,"{'input': 'What are the full names of all players, sorted by birth date?', 'output': 'SELECT first_name ,  last_name FROM players ORDER BY birth_date'}"
174,"{'input': 'find the number of players for each country.', 'output': 'SELECT count(*) ,  country_code FROM players GROUP BY country_code'}"
175,"{'input': 'How many players are from each country?', 'output': 'SELECT count(*) ,  country_code FROM players GROUP BY country_code'}"
176,"{'input': 'Find the total number of tours for each ranking date.', 'output': 'SELECT sum(tours) ,  ranking_date FROM rankings GROUP BY ranking_date'}"
177,"{'input': 'How many total tours were there for each ranking date?', 'output': 'SELECT sum(tours) ,  ranking_date FROM rankings GROUP BY ranking_date'}"
178,"{'input': 'Find the number of matches happened in each year.', 'output': 'SELECT count(*) ,  YEAR FROM matches GROUP BY YEAR'}"
179,"{'input': 'How many matches were played in each year?', 'output': 'SELECT count(*) ,  YEAR FROM matches GROUP BY YEAR'}"
180,"{'input': 'How many different winners both participated in the WTA Championships and were left handed?', 'output': ""SELECT count(DISTINCT winner_name) FROM matches WHERE tourney_name  =  'WTA Championships' AND winner_hand  =  'L'""}"
181,"{'input': 'Find the number of left handed winners who participated in the WTA Championships.', 'output': ""SELECT count(DISTINCT winner_name) FROM matches WHERE tourney_name  =  'WTA Championships' AND winner_hand  =  'L'""}"
182,"{'input': 'Find the number of players for each hand type.', 'output': 'SELECT count(*) ,  hand FROM players GROUP BY hand'}"
183,"{'input': 'How many players are there for each hand type?', 'output': 'SELECT count(*) ,  hand FROM players GROUP BY hand'}"
184,"{'input': ""How many ships ended up being 'Captured'?"", 'output': ""SELECT count(*) FROM ship WHERE disposition_of_ship  =  'Captured'""}"
185,"{'input': 'List the name and tonnage ordered by in descending alphaetical order for the names.', 'output': 'SELECT name ,  tonnage FROM ship ORDER BY name DESC'}"
186,"{'input': 'List the name, date and result of each battle.', 'output': 'SELECT name ,  date FROM battle'}"
187,"{'input': 'What is the average number of injuries caused each time?', 'output': 'SELECT avg(injured) FROM death'}"
188,"{'input': ""What are the name and results of the battles when the bulgarian commander is not 'Boril'"", 'output': ""SELECT name ,  RESULT FROM battle WHERE bulgarian_commander != 'Boril'""}"
189,"{'input': ""What are the distinct battle names which are between bulgarian commander 'Kaloyan' and latin commander 'Baldwin I'?"", 'output': ""SELECT name FROM battle WHERE bulgarian_commander  =  'Kaloyan' AND latin_commander  =  'Baldwin I'""}"
190,"{'input': 'How many different results are there for the battles?', 'output': 'SELECT count(DISTINCT RESULT) FROM battle'}"
191,"{'input': 'what are all the addresses including line 1 and line 2?', 'output': 'SELECT line_1 ,  line_2 FROM addresses'}"
192,"{'input': 'What is the first and second line for all addresses?', 'output': 'SELECT line_1 ,  line_2 FROM addresses'}"
193,"{'input': 'How many courses in total are listed?', 'output': 'SELECT count(*) FROM Courses'}"
194,"{'input': 'How many courses are there?', 'output': 'SELECT count(*) FROM Courses'}"
195,"{'input': 'How is the math course described?', 'output': ""SELECT course_description FROM Courses WHERE course_name  =  'math'""}"
196,"{'input': 'What are the descriptions for all the math courses?', 'output': ""SELECT course_description FROM Courses WHERE course_name  =  'math'""}"
197,"{'input': 'What is the zip code of the address in the city Port Chelsea?', 'output': ""SELECT zip_postcode FROM Addresses WHERE city  =  'Port Chelsea'""}"
198,"{'input': 'What is the zip code for Port Chelsea?', 'output': ""SELECT zip_postcode FROM Addresses WHERE city  =  'Port Chelsea'""}"
199,"{'input': 'How many departments offer any degree?', 'output': 'SELECT count(DISTINCT department_id) FROM Degree_Programs'}"
200,"{'input': 'How many different departments offer degrees?', 'output': 'SELECT count(DISTINCT department_id) FROM Degree_Programs'}"
201,"{'input': 'How many different degree names are offered?', 'output': 'SELECT count(DISTINCT degree_summary_name) FROM Degree_Programs'}"
202,"{'input': 'How many different degrees are offered?', 'output': 'SELECT count(DISTINCT degree_summary_name) FROM Degree_Programs'}"
203,"{'input': 'What are the names and descriptions of all the sections?', 'output': 'SELECT section_name ,  section_description FROM Sections'}"
204,"{'input': 'What are the names and descriptions for all the sections?', 'output': 'SELECT section_name ,  section_description FROM Sections'}"
205,"{'input': 'List the section_name in reversed lexicographical order.', 'output': 'SELECT section_name FROM Sections ORDER BY section_name DESC'}"
206,"{'input': 'What are the names of the sections in reverse alphabetical order?', 'output': 'SELECT section_name FROM Sections ORDER BY section_name DESC'}"
207,"{'input': 'Which semesters do not have any student enrolled? List the semester name.', 'output': 'SELECT semester_name FROM Semesters WHERE semester_id NOT IN( SELECT semester_id FROM Student_Enrolment )'}"
208,"{'input': 'What is the name of the semester with no students enrolled?', 'output': 'SELECT semester_name FROM Semesters WHERE semester_id NOT IN( SELECT semester_id FROM Student_Enrolment )'}"
209,"{'input': 'What is the phone number of the man with the first name Timmothy and the last name Ward?', 'output': ""SELECT cell_mobile_number FROM Students WHERE first_name  =  'Timmothy' AND last_name  =  'Ward'""}"
210,"{'input': 'What is the mobile phone number of the student named Timmothy Ward ?', 'output': ""select cell_mobile_number from students where first_name  =  'timmothy' and last_name  =  'ward'""}"
211,"{'input': 'Whose permanent address is different from his or her current address? List his or her first name.', 'output': 'SELECT first_name FROM Students WHERE current_address_id != permanent_address_id'}"
212,"{'input': 'What is the first name of the student whose permanent address is different from his or her current one?', 'output': 'SELECT first_name FROM Students WHERE current_address_id != permanent_address_id'}"
213,"{'input': 'On average, when were the transcripts printed?', 'output': 'SELECT avg(transcript_date) FROM Transcripts'}"
214,"{'input': 'What is the average transcript date?', 'output': 'SELECT avg(transcript_date) FROM Transcripts'}"
215,"{'input': 'How many transcripts are released?', 'output': 'SELECT count(*) FROM Transcripts'}"
216,"{'input': 'How many transcripts are listed?', 'output': 'SELECT count(*) FROM Transcripts'}"
217,"{'input': 'How many different addresses do the students currently live?', 'output': 'SELECT count(DISTINCT current_address_id) FROM Students'}"
218,"{'input': 'What are the different addresses that have students living there?', 'output': 'SELECT count(DISTINCT current_address_id) FROM Students'}"
219,"{'input': 'List all the student details in reversed lexicographical order.', 'output': 'SELECT other_student_details FROM Students ORDER BY other_student_details DESC'}"
220,"{'input': 'What other details can you tell me about students in reverse alphabetical order?', 'output': 'SELECT other_student_details FROM Students ORDER BY other_student_details DESC'}"
221,"{'input': 'Describe the section h.', 'output': ""SELECT section_description FROM Sections WHERE section_name  =  'h'""}"
222,"{'input': 'What is the description for the section named h?', 'output': ""SELECT section_description FROM Sections WHERE section_name  =  'h'""}"
223,"{'input': 'List the title of all cartoons in alphabetical order.', 'output': 'SELECT Title FROM Cartoon ORDER BY title'}"
224,"{'input': 'What are the titles of the cartoons sorted alphabetically?', 'output': 'SELECT Title FROM Cartoon ORDER BY title'}"
225,"{'input': 'List all cartoon directed by ""Ben Jones"".', 'output': 'SELECT Title FROM Cartoon WHERE Directed_by = ""Ben Jones"";'}"
226,"{'input': 'What are the names of all cartoons directed by Ben Jones?', 'output': 'SELECT Title FROM Cartoon WHERE Directed_by = ""Ben Jones"";'}"
227,"{'input': 'How many cartoons were written by ""Joseph Kuhr""?', 'output': 'SELECT count(*) FROM Cartoon WHERE Written_by = ""Joseph Kuhr"";'}"
228,"{'input': 'What is the number of cartoones written by Joseph Kuhr?', 'output': 'SELECT count(*) FROM Cartoon WHERE Written_by = ""Joseph Kuhr"";'}"
229,"{'input': 'list all cartoon titles and their directors ordered by their air date', 'output': 'SELECT title ,  Directed_by FROM Cartoon ORDER BY Original_air_date'}"
230,"{'input': 'What is the name and directors of all the cartoons that are ordered by air date?', 'output': 'SELECT title ,  Directed_by FROM Cartoon ORDER BY Original_air_date'}"
231,"{'input': 'List the number of different series names and contents in the TV Channel table.', 'output': 'SELECT count(DISTINCT series_name) ,  count(DISTINCT content) FROM TV_Channel;'}"
232,"{'input': 'How many different series and contents are listed in the TV Channel table?', 'output': 'SELECT count(DISTINCT series_name) ,  count(DISTINCT content) FROM TV_Channel;'}"
233,"{'input': 'What is the content of TV Channel with serial name ""Sky Radio""?', 'output': 'SELECT Content FROM TV_Channel WHERE series_name = ""Sky Radio"";'}"
234,"{'input': 'What is the content of the series Sky Radio?', 'output': 'SELECT Content FROM TV_Channel WHERE series_name = ""Sky Radio"";'}"
235,"{'input': 'What is the Package Option of TV Channel with serial name ""Sky Radio""?', 'output': 'SELECT Package_Option FROM TV_Channel WHERE series_name = ""Sky Radio"";'}"
236,"{'input': 'What are the Package Options of the TV Channels whose series names are Sky Radio?', 'output': 'SELECT Package_Option FROM TV_Channel WHERE series_name = ""Sky Radio"";'}"
237,"{'input': 'How many TV Channel using language English?', 'output': 'SELECT count(*) FROM TV_Channel WHERE LANGUAGE = ""English"";'}"
238,"{'input': 'How many TV Channels use the English language?', 'output': 'SELECT count(*) FROM TV_Channel WHERE LANGUAGE = ""English"";'}"
239,"{'input': 'List each language and the number of TV Channels using it.', 'output': 'SELECT LANGUAGE ,  count(*) FROM TV_Channel GROUP BY LANGUAGE'}"
240,"{'input': 'For each language, list the number of TV Channels that use it.', 'output': 'SELECT LANGUAGE ,  count(*) FROM TV_Channel GROUP BY LANGUAGE'}"
241,"{'input': 'List the Episode of all TV series sorted by rating.', 'output': 'SELECT Episode FROM TV_series ORDER BY rating'}"
242,"{'input': 'What are all of the episodes ordered by ratings?', 'output': 'SELECT Episode FROM TV_series ORDER BY rating'}"
243,"{'input': 'What is the air date of TV series with Episode ""A Love of a Lifetime""?', 'output': 'SELECT Air_Date FROM TV_series WHERE Episode = ""A Love of a Lifetime"";'}"
244,"{'input': 'When did the episode ""A Love of a Lifetime"" air?', 'output': 'SELECT Air_Date FROM TV_series WHERE Episode = ""A Love of a Lifetime"";'}"
245,"{'input': 'What is Weekly Rank of TV series with Episode ""A Love of a Lifetime""?', 'output': 'SELECT Weekly_Rank FROM TV_series WHERE Episode = ""A Love of a Lifetime"";'}"
246,"{'input': 'What is the weekly rank for the episode ""A Love of a Lifetime""?', 'output': 'SELECT Weekly_Rank FROM TV_series WHERE Episode = ""A Love of a Lifetime"";'}"
247,"{'input': 'Find the number of cartoons directed by each of the listed directors.', 'output': 'SELECT count(*) ,  Directed_by FROM cartoon GROUP BY Directed_by'}"
248,"{'input': 'How many cartoons did each director create?', 'output': 'SELECT count(*) ,  Directed_by FROM cartoon GROUP BY Directed_by'}"
249,"{'input': 'Find the package choice and series name of the TV channel that has high definition TV.', 'output': 'SELECT package_option ,  series_name FROM TV_Channel WHERE hight_definition_TV  =  ""yes""'}"
250,"{'input': 'What are the package options and the name of the series for the TV Channel that supports high definition TV?', 'output': 'SELECT package_option ,  series_name FROM TV_Channel WHERE hight_definition_TV  =  ""yes""'}"
251,"{'input': 'find the pixel aspect ratio and nation of the tv channels that do not use English.', 'output': ""SELECT Pixel_aspect_ratio_PAR ,  country FROM tv_channel WHERE LANGUAGE != 'English'""}"
252,"{'input': 'What is the pixel aspect ratio and country of origin for all TV channels that do not use English?', 'output': ""SELECT Pixel_aspect_ratio_PAR ,  country FROM tv_channel WHERE LANGUAGE != 'English'""}"
253,"{'input': 'How many poker players are there?', 'output': 'SELECT count(*) FROM poker_player'}"
254,"{'input': 'Count the number of poker players.', 'output': 'SELECT count(*) FROM poker_player'}"
255,"{'input': 'List the earnings of poker players in descending order.', 'output': 'SELECT Earnings FROM poker_player ORDER BY Earnings DESC'}"
256,"{'input': 'What are the earnings of poker players, ordered descending by value?', 'output': 'SELECT Earnings FROM poker_player ORDER BY Earnings DESC'}"
257,"{'input': 'List the final tables made and the best finishes of poker players.', 'output': 'SELECT Final_Table_Made ,  Best_Finish FROM poker_player'}"
258,"{'input': 'What are the final tables made and best finishes for all poker players?', 'output': 'SELECT Final_Table_Made ,  Best_Finish FROM poker_player'}"
259,"{'input': 'What is the average earnings of poker players?', 'output': 'SELECT avg(Earnings) FROM poker_player'}"
260,"{'input': 'Return the average earnings across all poker players.', 'output': 'SELECT avg(Earnings) FROM poker_player'}"
261,"{'input': 'What is the maximum number of final tables made among poker players with earnings less than 200000?', 'output': 'SELECT max(Final_Table_Made) FROM poker_player WHERE Earnings  <  200000'}"
262,"{'input': 'Return the maximum final tables made across all poker players who have earnings below 200000.', 'output': 'SELECT max(Final_Table_Made) FROM poker_player WHERE Earnings  <  200000'}"
263,"{'input': 'What are different nationalities of people and the corresponding number of people from each nation?', 'output': 'SELECT Nationality ,  COUNT(*) FROM people GROUP BY Nationality'}"
264,"{'input': 'How many people are there of each nationality?', 'output': 'SELECT Nationality ,  COUNT(*) FROM people GROUP BY Nationality'}"
265,"{'input': 'List the names and birth dates of people in ascending alphabetical order of name.', 'output': 'SELECT Name ,  Birth_Date FROM people ORDER BY Name ASC'}"
266,"{'input': 'What are the names and birth dates of people, ordered by their names in alphabetical order?', 'output': 'SELECT Name ,  Birth_Date FROM people ORDER BY Name ASC'}"
267,"{'input': 'Show names of people whose nationality is not ""Russia"".', 'output': 'SELECT Name FROM people WHERE Nationality != ""Russia""'}"
268,"{'input': 'What are the names of people who are not from Russia?', 'output': 'SELECT Name FROM people WHERE Nationality != ""Russia""'}"
269,"{'input': 'List the names of people that are not poker players.', 'output': 'SELECT Name FROM people WHERE People_ID NOT IN (SELECT People_ID FROM poker_player)'}"
270,"{'input': 'What are the names of people who do not play poker?', 'output': 'SELECT Name FROM people WHERE People_ID NOT IN (SELECT People_ID FROM poker_player)'}"
271,"{'input': 'How many distinct nationalities are there?', 'output': 'SELECT count(DISTINCT Nationality) FROM people'}"
272,"{'input': 'Count the number of different nationalities.', 'output': 'SELECT count(DISTINCT Nationality) FROM people'}"
273,"{'input': 'How many states are there?', 'output': 'SELECT count(*) FROM area_code_state'}"
274,"{'input': 'List the contestant numbers and names, ordered by contestant name descending.', 'output': 'SELECT contestant_number ,  contestant_name FROM contestants ORDER BY contestant_name DESC'}"
275,"{'input': 'List the vote ids, phone numbers and states of all votes.', 'output': 'SELECT vote_id ,  phone_number ,  state FROM votes'}"
276,"{'input': ""What is last date created of votes from the state 'CA'?"", 'output': ""SELECT max(created) FROM votes WHERE state  =  'CA'""}"
277,"{'input': ""What are the names of the contestants whose names are not 'Jessie Alloway'"", 'output': ""SELECT contestant_name FROM contestants WHERE contestant_name != 'Jessie Alloway'""}"
278,"{'input': 'What are the distinct states and create time of all votes?', 'output': 'SELECT DISTINCT state ,  created FROM votes'}"
279,"{'input': 'How many contestants did not get voted?', 'output': 'SELECT count(*) FROM contestants WHERE contestant_number NOT IN ( SELECT contestant_number FROM votes )'}"
280,"{'input': 'What are the names of all the countries that became independent after 1950?', 'output': 'SELECT Name FROM country WHERE IndepYear  >  1950'}"
281,"{'input': 'Give the names of the nations that were founded after 1950.', 'output': 'SELECT Name FROM country WHERE IndepYear  >  1950'}"
282,"{'input': 'How many countries have a republic as their form of government?', 'output': 'SELECT count(*) FROM country WHERE GovernmentForm  =  ""Republic""'}"
283,"{'input': 'How many countries have governments that are republics?', 'output': 'SELECT count(*) FROM country WHERE GovernmentForm  =  ""Republic""'}"
284,"{'input': 'What is the total surface area of the countries in the Caribbean region?', 'output': 'SELECT sum(SurfaceArea) FROM country WHERE Region  =  ""Caribbean""'}"
285,"{'input': 'How much surface area do the countires in the Carribean cover together?', 'output': 'SELECT sum(SurfaceArea) FROM country WHERE Region  =  ""Caribbean""'}"
286,"{'input': 'Which continent is Anguilla in?', 'output': 'SELECT Continent FROM country WHERE Name  =  ""Anguilla""'}"
287,"{'input': 'What is the continent name which Anguilla belongs to?', 'output': 'SELECT Continent FROM country WHERE Name  =  ""Anguilla""'}"
288,"{'input': 'What are the population and life expectancies in Brazil?', 'output': 'SELECT Population ,  LifeExpectancy FROM country WHERE Name  =  ""Brazil""'}"
289,"{'input': 'Give me Brazil’s population and life expectancies.', 'output': 'SELECT Population ,  LifeExpectancy FROM country WHERE Name  =  ""Brazil""'}"
290,"{'input': 'What are the region and population of Angola?', 'output': 'SELECT Population ,  Region FROM country WHERE Name  =  ""Angola""'}"
291,"{'input': 'What region does Angola belong to and what is its population?', 'output': 'SELECT Population ,  Region FROM country WHERE Name  =  ""Angola""'}"
292,"{'input': 'What is the average expected life expectancy for countries in the region of Central Africa?', 'output': 'SELECT avg(LifeExpectancy) FROM country WHERE Region  =  ""Central Africa""'}"
293,"{'input': 'How long is the people’s average life expectancy in Central Africa?', 'output': 'SELECT avg(LifeExpectancy) FROM country WHERE Region  =  ""Central Africa""'}"
294,"{'input': 'What is the average life expectancy in African countries that are republics?', 'output': 'SELECT avg(LifeExpectancy) FROM country WHERE Continent  =  ""Africa"" AND GovernmentForm  =  ""Republic""'}"
295,"{'input': 'Give the average life expectancy for countries in Africa which are republics?', 'output': 'SELECT avg(LifeExpectancy) FROM country WHERE Continent  =  ""Africa"" AND GovernmentForm  =  ""Republic""'}"
296,"{'input': 'How many people live in Gelderland district?', 'output': 'SELECT sum(Population) FROM city WHERE District  =  ""Gelderland""'}"
297,"{'input': 'What is the total population of Gelderland district?', 'output': 'SELECT sum(Population) FROM city WHERE District  =  ""Gelderland""'}"
298,"{'input': 'How many unique languages are spoken in the world?', 'output': 'SELECT count(DISTINCT LANGUAGE) FROM countrylanguage'}"
299,"{'input': 'What is the number of distinct languages used around the world?', 'output': 'SELECT count(DISTINCT LANGUAGE) FROM countrylanguage'}"
300,"{'input': 'How many type of governments are in Africa?', 'output': 'SELECT count(DISTINCT GovernmentForm) FROM country WHERE Continent  =  ""Africa""'}"
301,"{'input': 'How many different forms of governments are there in Africa?', 'output': 'SELECT count(DISTINCT GovernmentForm) FROM country WHERE Continent  =  ""Africa""'}"
302,"{'input': 'What are the country codes of countries where people use languages other than English?', 'output': 'SELECT DISTINCT CountryCode FROM countrylanguage WHERE LANGUAGE != ""English""'}"
303,"{'input': 'Give the country codes for countries in which people speak langauges that are not English.', 'output': 'SELECT DISTINCT CountryCode FROM countrylanguage WHERE LANGUAGE != ""English""'}"
304,"{'input': 'how many countries are in Asia?', 'output': 'SELECT count(*) FROM country WHERE continent  =  ""Asia""'}"
305,"{'input': 'Count the number of countries in Asia.', 'output': 'SELECT count(*) FROM country WHERE continent  =  ""Asia""'}"
306,"{'input': 'What are the names of the countries that are in the continent of Europe and have a population of 80000?', 'output': 'SELECT Name FROM country WHERE continent  =  ""Europe"" AND Population  =  ""80000""'}"
307,"{'input': 'Give the names of countries that are in Europe and have a population equal to 80000.', 'output': 'SELECT Name FROM country WHERE continent  =  ""Europe"" AND Population  =  ""80000""'}"
308,"{'input': 'What are the cities whose population is between 160000 and 900000?', 'output': 'SELECT name FROM city WHERE Population BETWEEN 160000 AND 900000'}"
309,"{'input': 'Return the names of cities that have a population between 160000 and 900000 .', 'output': 'select name from city where population between 160000 and 900000'}"
310,"{'input': 'What is the language spoken by the largest percentage of people in each country?', 'output': 'SELECT LANGUAGE ,  CountryCode ,  max(Percentage) FROM countrylanguage GROUP BY CountryCode'}"
311,"{'input': 'What are the country codes of the different countries, and what are the languages spoken by the greatest percentage of people for each?', 'output': 'SELECT LANGUAGE ,  CountryCode ,  max(Percentage) FROM countrylanguage GROUP BY CountryCode'}"
312,"{'input': 'How many conductors are there?', 'output': 'SELECT count(*) FROM conductor'}"
313,"{'input': 'Count the number of conductors.', 'output': 'SELECT count(*) FROM conductor'}"
314,"{'input': 'List the names of conductors in ascending order of age.', 'output': 'SELECT Name FROM conductor ORDER BY Age ASC'}"
315,"{'input': 'What are the names of conductors, ordered by age?', 'output': 'SELECT Name FROM conductor ORDER BY Age ASC'}"
316,"{'input': 'What are the names of conductors whose nationalities are not ""USA""?', 'output': ""SELECT Name FROM conductor WHERE Nationality != 'USA'""}"
317,"{'input': 'Return the names of conductors that do not have the nationality ""USA"".', 'output': ""SELECT Name FROM conductor WHERE Nationality != 'USA'""}"
318,"{'input': 'What are the record companies of orchestras in descending order of years in which they were founded?', 'output': 'SELECT Record_Company FROM orchestra ORDER BY Year_of_Founded DESC'}"
319,"{'input': 'Return the record companies of orchestras, sorted descending by the years in which they were founded.', 'output': 'SELECT Record_Company FROM orchestra ORDER BY Year_of_Founded DESC'}"
320,"{'input': 'What is the average attendance of shows?', 'output': 'SELECT avg(Attendance) FROM SHOW'}"
321,"{'input': 'Return the average attendance across all shows.', 'output': 'SELECT avg(Attendance) FROM SHOW'}"
322,"{'input': 'How many different nationalities do conductors have?', 'output': 'SELECT count(DISTINCT Nationality) FROM conductor'}"
323,"{'input': 'Count the number of different nationalities of conductors.', 'output': 'SELECT count(DISTINCT Nationality) FROM conductor'}"
324,"{'input': 'List names of conductors in descending order of years of work.', 'output': 'SELECT Name FROM conductor ORDER BY Year_of_Work DESC'}"
325,"{'input': 'What are the names of conductors, sorted descending by the number of years they have worked?', 'output': 'SELECT Name FROM conductor ORDER BY Year_of_Work DESC'}"
326,"{'input': 'Please show the different record companies and the corresponding number of orchestras.', 'output': 'SELECT Record_Company ,  COUNT(*) FROM orchestra GROUP BY Record_Company'}"
327,"{'input': 'How many orchestras does each record company manage?', 'output': 'SELECT Record_Company ,  COUNT(*) FROM orchestra GROUP BY Record_Company'}"
328,"{'input': 'List the names of orchestras that have no performance.', 'output': 'SELECT Orchestra FROM orchestra WHERE Orchestra_ID NOT IN (SELECT Orchestra_ID FROM performance)'}"
329,"{'input': 'What are the orchestras that do not have any performances?', 'output': 'SELECT Orchestra FROM orchestra WHERE Orchestra_ID NOT IN (SELECT Orchestra_ID FROM performance)'}"
330,"{'input': 'How many high schoolers are there?', 'output': 'SELECT count(*) FROM Highschooler'}"
331,"{'input': 'Count the number of high schoolers.', 'output': 'SELECT count(*) FROM Highschooler'}"
332,"{'input': 'Show the names and grades of each high schooler.', 'output': 'SELECT name ,  grade FROM Highschooler'}"
333,"{'input': 'What are the names and grades for each high schooler?', 'output': 'SELECT name ,  grade FROM Highschooler'}"
334,"{'input': 'Show all the grades of the high schoolers.', 'output': 'SELECT grade FROM Highschooler'}"
335,"{'input': 'What is the grade of each high schooler?', 'output': 'SELECT grade FROM Highschooler'}"
336,"{'input': 'What grade is Kyle in?', 'output': 'SELECT grade FROM Highschooler WHERE name  =  ""Kyle""'}"
337,"{'input': 'Return the grade for the high schooler named Kyle.', 'output': 'SELECT grade FROM Highschooler WHERE name  =  ""Kyle""'}"
338,"{'input': 'Show the names of all high schoolers in grade 10.', 'output': 'SELECT name FROM Highschooler WHERE grade  =  10'}"
339,"{'input': 'What are the names of all high schoolers in grade 10?', 'output': 'SELECT name FROM Highschooler WHERE grade  =  10'}"
340,"{'input': 'Show the ID of the high schooler named Kyle.', 'output': 'SELECT ID FROM Highschooler WHERE name  =  ""Kyle""'}"
341,"{'input': ""What is Kyle's id?"", 'output': 'SELECT ID FROM Highschooler WHERE name  =  ""Kyle""'}"
342,"{'input': 'Show the number of high schoolers for each grade.', 'output': 'SELECT grade ,  count(*) FROM Highschooler GROUP BY grade'}"
343,"{'input': 'How many high schoolers are in each grade?', 'output': 'SELECT grade ,  count(*) FROM Highschooler GROUP BY grade'}"
344,"{'input': 'Show the student IDs and numbers of friends corresponding to each.', 'output': 'SELECT student_id ,  count(*) FROM Friend GROUP BY student_id'}"
345,"{'input': 'How many friends does each student have?', 'output': 'SELECT student_id ,  count(*) FROM Friend GROUP BY student_id'}"
346,"{'input': 'Count the number of likes for each student id.', 'output': 'SELECT student_id ,  count(*) FROM Likes GROUP BY student_id'}"
347,"{'input': 'How many likes correspond to each student id?', 'output': 'SELECT student_id ,  count(*) FROM Likes GROUP BY student_id'}"
348,"{'input': 'What is the average age of the dogs who have gone through any treatments?', 'output': 'SELECT avg(age) FROM Dogs WHERE dog_id IN ( SELECT dog_id FROM Treatments )'}"
349,"{'input': 'Find the average age of the dogs who went through treatments.', 'output': 'SELECT avg(age) FROM Dogs WHERE dog_id IN ( SELECT dog_id FROM Treatments )'}"
350,"{'input': 'What are the arriving date and the departing date of all the dogs?', 'output': 'SELECT date_arrived ,  date_departed FROM Dogs'}"
351,"{'input': 'List the arrival date and the departure date for all the dogs.', 'output': 'SELECT date_arrived ,  date_departed FROM Dogs'}"
352,"{'input': 'How many dogs went through any treatments?', 'output': 'SELECT count(DISTINCT dog_id) FROM Treatments'}"
353,"{'input': 'Count the number of dogs that went through a treatment.', 'output': 'SELECT count(DISTINCT dog_id) FROM Treatments'}"
354,"{'input': 'How many professionals have performed any treatment to dogs?', 'output': 'SELECT count(DISTINCT professional_id) FROM Treatments'}"
355,"{'input': 'Find the number of professionals who have ever treated dogs.', 'output': 'SELECT count(DISTINCT professional_id) FROM Treatments'}"
356,"{'input': 'How many dogs have not gone through any treatment?', 'output': 'SELECT count(*) FROM Dogs WHERE dog_id NOT IN ( SELECT dog_id FROM Treatments )'}"
357,"{'input': 'Tell me the number of dogs that have not received any treatment .', 'output': 'select count(*) from dogs where dog_id not in ( select dog_id from treatments )'}"
358,"{'input': 'How many owners temporarily do not have any dogs?', 'output': 'SELECT count(*) FROM Owners WHERE owner_id NOT IN ( SELECT owner_id FROM Dogs )'}"
359,"{'input': 'Find the number of owners who do not own any dogs at this moment.', 'output': 'SELECT count(*) FROM Owners WHERE owner_id NOT IN ( SELECT owner_id FROM Dogs )'}"
360,"{'input': 'How many professionals did not operate any treatment on dogs?', 'output': 'SELECT count(*) FROM Professionals WHERE professional_id NOT IN ( SELECT professional_id FROM Treatments )'}"
361,"{'input': 'Find the number of professionals who have not treated any dogs.', 'output': 'SELECT count(*) FROM Professionals WHERE professional_id NOT IN ( SELECT professional_id FROM Treatments )'}"
362,"{'input': 'List the dog name, age and weight of the dogs who have been abandoned? 1 stands for yes, and 0 stands for no.', 'output': 'SELECT name ,  age ,  weight FROM Dogs WHERE abandoned_yn  =  1'}"
363,"{'input': 'What are the dog name, age and weight of the dogs that were abandoned? Note that 1 stands for yes, and 0 stands for no in the tables.', 'output': 'SELECT name ,  age ,  weight FROM Dogs WHERE abandoned_yn  =  1'}"
364,"{'input': 'What is the average age of all the dogs?', 'output': 'SELECT avg(age) FROM Dogs'}"
365,"{'input': 'Compute the average age of all the dogs.', 'output': 'SELECT avg(age) FROM Dogs'}"
366,"{'input': 'What is the age of the oldest dog?', 'output': 'SELECT max(age) FROM Dogs'}"
367,"{'input': 'Tell me the age of the oldest dog.', 'output': 'SELECT max(age) FROM Dogs'}"
368,"{'input': 'How much does each charge type costs? List both charge type and amount.', 'output': 'SELECT charge_type ,  charge_amount FROM Charges'}"
369,"{'input': 'List each charge type and its amount.', 'output': 'SELECT charge_type ,  charge_amount FROM Charges'}"
370,"{'input': 'How much does the most expensive charge type costs?', 'output': 'SELECT max(charge_amount) FROM Charges'}"
371,"{'input': 'What is the charge amount of the most expensive charge type?', 'output': 'SELECT max(charge_amount) FROM Charges'}"
372,"{'input': 'List the email, cell phone and home phone of all the professionals.', 'output': 'SELECT email_address ,  cell_number ,  home_phone FROM professionals'}"
373,"{'input': 'What are the email, cell phone and home phone of each professional?', 'output': 'SELECT email_address ,  cell_number ,  home_phone FROM professionals'}"
374,"{'input': 'What are all the possible breed type and size type combinations?', 'output': 'SELECT DISTINCT breed_code ,  size_code FROM dogs'}"
375,"{'input': 'Find the distinct breed type and size type combinations for dogs.', 'output': 'SELECT DISTINCT breed_code ,  size_code FROM dogs'}"
376,"{'input': 'How many singers are there?', 'output': 'SELECT count(*) FROM singer'}"
377,"{'input': 'What is the count of singers?', 'output': 'SELECT count(*) FROM singer'}"
378,"{'input': 'List the name of singers in ascending order of net worth.', 'output': 'SELECT Name FROM singer ORDER BY Net_Worth_Millions ASC'}"
379,"{'input': 'What are the names of singers ordered by ascending net worth?', 'output': 'SELECT Name FROM singer ORDER BY Net_Worth_Millions ASC'}"
380,"{'input': 'What are the birth year and citizenship of singers?', 'output': 'SELECT Birth_Year ,  Citizenship FROM singer'}"
381,"{'input': 'What are the birth years and citizenships of the singers?', 'output': 'SELECT Birth_Year ,  Citizenship FROM singer'}"
382,"{'input': 'List the name of singers whose citizenship is not ""France"".', 'output': 'SELECT Name FROM singer WHERE Citizenship != ""France""'}"
383,"{'input': 'What are the names of the singers who are not French citizens?', 'output': 'SELECT Name FROM singer WHERE Citizenship != ""France""'}"
384,"{'input': 'Show different citizenship of singers and the number of singers of each citizenship.', 'output': 'SELECT Citizenship ,  COUNT(*) FROM singer GROUP BY Citizenship'}"
385,"{'input': 'For each citizenship, how many singers are from that country?', 'output': 'SELECT Citizenship ,  COUNT(*) FROM singer GROUP BY Citizenship'}"
386,"{'input': 'Show different citizenships and the maximum net worth of singers of each citizenship.', 'output': 'SELECT Citizenship ,  max(Net_Worth_Millions) FROM singer GROUP BY Citizenship'}"
387,"{'input': 'For each citizenship, what is the maximum net worth?', 'output': 'SELECT Citizenship ,  max(Net_Worth_Millions) FROM singer GROUP BY Citizenship'}"
388,"{'input': 'List the name of singers that do not have any song.', 'output': 'SELECT Name FROM singer WHERE Singer_ID NOT IN (SELECT Singer_ID FROM song)'}"
389,"{'input': 'What is the sname of every sing that does not have any song?', 'output': 'SELECT Name FROM singer WHERE Singer_ID NOT IN (SELECT Singer_ID FROM song)'}"
390,"{'input': 'How many available features are there in total?', 'output': 'SELECT count(*) FROM Other_Available_Features'}"
